{"autoplayBgm":false,"autoplayBgs":false,"battleback1Name":"","battleback2Name":"","bgm":{"name":"","pan":0,"pitch":100,"volume":90},"bgs":{"name":"","pan":0,"pitch":100,"volume":90},"disableDashing":false,"displayName":"","encounterList":[],"encounterStep":30,"height":7,"note":"{\"prompt\": \"Escreva um paragráfo com orações simples de verbos dinâmicos que descreva o encontro do Pequeno Príncipe com o piloto, baseado na história \\\"O Pequeno Príncipe\\\".\", \"sentence\": \"O Pequeno Príncipe viu o piloto. Ele sorriu. O piloto se surpreendeu. O Pequeno Príncipe falou. O piloto escutou. Eles se conheceram. O Pequeno Príncipe partiu. O piloto nunca o esqueceu.\"}","parallaxLoopX":false,"parallaxLoopY":false,"parallaxName":"","parallaxShow":true,"parallaxSx":0,"parallaxSy":0,"scrollType":0,"specifyBattleback":false,"tilesetId":8,"width":10,"data":[3248,3248,3252,3286,3216,3200,3200,3200,3200,3200,3248,3248,3272,3234,3201,3200,3200,3200,3200,3200,3248,3248,3272,3216,3200,3200,3200,3200,3200,3200,3248,3252,3286,3216,3200,3200,3200,3200,3200,3200,3248,3272,3234,3201,3200,3200,3200,3200,3200,3200,3248,3272,3216,3200,3200,3200,3200,3200,3200,3200,3248,3272,3216,3200,3200,3200,3200,3200,3200,3200,0,0,0,0,0,0,0,0,0,0,0,0,0,0,0,0,0,0,0,0,0,0,0,0,0,0,0,3198,0,0,0,0,0,3198,0,0,0,0,0,0,0,0,0,0,0,0,0,0,0,0,0,0,3582,0,3198,0,0,0,0,0,0,0,0,0,0,0,0,0,0,0,0,0,0,0,553,0,0,0,0,0,0,0,0,0,0,0,0,0,0,0,0,0,0,0,0,0,0,0,0,0,0,0,0,0,0,0,0,0,0,0,0,0,0,0,0,0,0,0,173,0,0,0,0,0,0,0,0,0,181,0,0,0,0,0,0,0,0,0,0,0,519,0,0,544,545,0,0,0,523,0,527,0,0,560,561,0,0,0,0,0,0,0,0,0,0,0,0,0,0,0,0,0,0,0,0,0,0,0,0,0,0,0,0,0,0,0,0,462,463,0,0,0,0,0,0,0,0,470,471,172,0,0,0,0,0,0,0,0,0,0,0,0,0,0,0,0,0,0,0,0,0,0,0,0,0,0,0,0,0,0,0,0,0,0,0,0,0,0,0,0,0,0,0,0,0,0,0,0,0,0,0,0,0,0,0,0,0,0,0,0,0,0,0,0,0,0,0,0,0,0,0,0,0,0,0,0,0,0,0,0,0,0,0,0,0,0,0,0,0,0,0,0,0,0,0,0,0,0,0,0,0,0,0,0,0,0,0,0,0,0,0,0,0,0,0,0,0,0,0,0,0,0,0,0,0,0,0,0,0,0,0,0,0,0,0,0,0,0,0,0,0,0,0,0,0,0,0,0,0,0],"events":[null,{"id":1,"name":"event 1","note":"[animation]","pages":[{"conditions":{"actorId":1,"actorValid":false,"itemId":1,"itemValid":false,"selfSwitchCh":"A","selfSwitchValid":false,"switch1Id":1,"switch1Valid":false,"switch2Id":1,"switch2Valid":false,"variableId":1,"variableValid":false,"variableValue":0},"directionFix":false,"image":{"characterIndex":0,"characterName":"","direction":2,"pattern":0,"tileId":0},"list":[{"code":205,"indent":0,"parameters":[2,{"list":[{"code":37,"indent":null},{"code":3,"indent":null},{"code":3,"indent":null},{"code":3,"indent":null},{"code":3,"indent":null},{"code":3,"indent":null},{"code":1,"indent":null},{"code":1,"indent":null},{"code":1,"indent":null},{"code":1,"indent":null},{"code":16,"indent":null},{"code":0}],"repeat":false,"skippable":false,"wait":true}]},{"code":505,"indent":0,"parameters":[{"code":37,"indent":null}]},{"code":505,"indent":0,"parameters":[{"code":3,"indent":null}]},{"code":505,"indent":0,"parameters":[{"code":3,"indent":null}]},{"code":505,"indent":0,"parameters":[{"code":3,"indent":null}]},{"code":505,"indent":0,"parameters":[{"code":3,"indent":null}]},{"code":505,"indent":0,"parameters":[{"code":3,"indent":null}]},{"code":505,"indent":0,"parameters":[{"code":1,"indent":null}]},{"code":505,"indent":0,"parameters":[{"code":1,"indent":null}]},{"code":505,"indent":0,"parameters":[{"code":1,"indent":null}]},{"code":505,"indent":0,"parameters":[{"code":1,"indent":null}]},{"code":505,"indent":0,"parameters":[{"code":16,"indent":null}]},{"code":205,"indent":0,"parameters":[2,{"list":[{"code":37,"indent":null},{"code":14,"indent":null,"parameters":[0,0]},{"code":0}],"repeat":false,"skippable":false,"wait":false}]},{"code":505,"indent":0,"parameters":[{"code":37,"indent":null}]},{"code":505,"indent":0,"parameters":[{"code":14,"indent":null,"parameters":[0,0]}]},{"code":205,"indent":0,"parameters":[3,{"list":[{"code":37,"indent":null},{"code":14,"indent":null,"parameters":[0,0]},{"code":0}],"repeat":false,"skippable":false,"wait":false}]},{"code":505,"indent":0,"parameters":[{"code":37,"indent":null}]},{"code":505,"indent":0,"parameters":[{"code":14,"indent":null,"parameters":[0,0]}]},{"code":213,"indent":0,"parameters":[3,1,0]},{"code":205,"indent":0,"parameters":[3,{"list":[{"code":37,"indent":null},{"code":14,"indent":null,"parameters":[0,0]},{"code":0}],"repeat":false,"skippable":false,"wait":false}]},{"code":505,"indent":0,"parameters":[{"code":37,"indent":null}]},{"code":505,"indent":0,"parameters":[{"code":14,"indent":null,"parameters":[0,0]}]},{"code":213,"indent":0,"parameters":[3,6,1]},{"code":213,"indent":0,"parameters":[2,7,1]},{"code":205,"indent":0,"parameters":[3,{"list":[{"code":37,"indent":null},{"code":14,"indent":null,"parameters":[0,0]},{"code":0}],"repeat":false,"skippable":false,"wait":false}]},{"code":505,"indent":0,"parameters":[{"code":37,"indent":null}]},{"code":505,"indent":0,"parameters":[{"code":14,"indent":null,"parameters":[0,0]}]},{"code":205,"indent":0,"parameters":[2,{"list":[{"code":37,"indent":null},{"code":2,"indent":null},{"code":2,"indent":null},{"code":2,"indent":null},{"code":2,"indent":null},{"code":2,"indent":null},{"code":19,"indent":null},{"code":41,"indent":null,"parameters":["",0]},{"code":0}],"repeat":false,"skippable":false,"wait":true}]},{"code":505,"indent":0,"parameters":[{"code":37,"indent":null}]},{"code":505,"indent":0,"parameters":[{"code":2,"indent":null}]},{"code":505,"indent":0,"parameters":[{"code":2,"indent":null}]},{"code":505,"indent":0,"parameters":[{"code":2,"indent":null}]},{"code":505,"indent":0,"parameters":[{"code":2,"indent":null}]},{"code":505,"indent":0,"parameters":[{"code":2,"indent":null}]},{"code":505,"indent":0,"parameters":[{"code":19,"indent":null}]},{"code":505,"indent":0,"parameters":[{"code":41,"indent":null,"parameters":["",0]}]},{"code":205,"indent":0,"parameters":[3,{"list":[{"code":37,"indent":null},{"code":2,"indent":null},{"code":2,"indent":null},{"code":2,"indent":null},{"code":2,"indent":null},{"code":2,"indent":null},{"code":19,"indent":null},{"code":0}],"repeat":false,"skippable":false,"wait":true}]},{"code":505,"indent":0,"parameters":[{"code":37,"indent":null}]},{"code":505,"indent":0,"parameters":[{"code":2,"indent":null}]},{"code":505,"indent":0,"parameters":[{"code":2,"indent":null}]},{"code":505,"indent":0,"parameters":[{"code":2,"indent":null}]},{"code":505,"indent":0,"parameters":[{"code":2,"indent":null}]},{"code":505,"indent":0,"parameters":[{"code":2,"indent":null}]},{"code":505,"indent":0,"parameters":[{"code":19,"indent":null}]},{"code":205,"indent":0,"parameters":[3,{"list":[{"code":37,"indent":null},{"code":14,"indent":null,"parameters":[0,0]},{"code":0}],"repeat":false,"skippable":false,"wait":false}]},{"code":505,"indent":0,"parameters":[{"code":37,"indent":null}]},{"code":505,"indent":0,"parameters":[{"code":14,"indent":null,"parameters":[0,0]}]},{"code":117,"ident":0,"parameters":[1]},{"code":0,"indent":0,"parameters":[]}],"moveFrequency":3,"moveRoute":{"list":[{"code":0,"parameters":[]}],"repeat":false,"skippable":true,"wait":true},"moveSpeed":4,"moveType":0,"priorityType":0,"stepAnime":false,"through":false,"trigger":3,"walkAnime":true}],"x":0,"y":0},{"id":2,"name":"pequenopríncipe","note":"","pages":[{"conditions":{"actorId":1,"actorValid":false,"itemId":1,"itemValid":false,"selfSwitchCh":"A","selfSwitchValid":false,"switch1Id":1,"switch1Valid":false,"switch2Id":1,"switch2Valid":false,"variableId":1,"variableValid":false,"variableValue":0},"directionFix":false,"image":{"characterIndex":5,"characterName":"Actor1","direction":2,"pattern":1,"tileId":0},"list":[{"code":0,"indent":0,"parameters":[]}],"moveFrequency":3,"moveRoute":{"list":[{"code":0,"parameters":[]}],"repeat":false,"skippable":true,"wait":true},"moveSpeed":4,"moveType":0,"priorityType":0,"stepAnime":false,"through":false,"trigger":3,"walkAnime":true}],"x":2,"y":1},{"id":3,"name":"piloto","note":"","pages":[{"conditions":{"actorId":1,"actorValid":false,"itemId":1,"itemValid":false,"selfSwitchCh":"A","selfSwitchValid":false,"switch1Id":1,"switch1Valid":false,"switch2Id":1,"switch2Valid":false,"variableId":1,"variableValid":false,"variableValue":0},"directionFix":false,"image":{"characterIndex":6,"characterName":"Actor1","direction":2,"pattern":1,"tileId":0},"list":[{"code":0,"indent":0,"parameters":[]}],"moveFrequency":3,"moveRoute":{"list":[{"code":0,"parameters":[]}],"repeat":false,"skippable":true,"wait":true},"moveSpeed":4,"moveType":0,"priorityType":0,"stepAnime":false,"through":false,"trigger":3,"walkAnime":true}],"x":7,"y":6}]}