{"autoplayBgm":false,"autoplayBgs":false,"battleback1Name":"","battleback2Name":"","bgm":{"name":"","pan":0,"pitch":100,"volume":90},"bgs":{"name":"","pan":0,"pitch":100,"volume":90},"disableDashing":false,"displayName":"","encounterList":[],"encounterStep":30,"height":11,"note":"{\"prompt\": \"Escreva um paragráfo com orações simples de verbos dinâmicos e télicos sem subordinação que descreva o encontro de Peter Pan e Capitão Gancho\", \"sentence\": \"Peter Pan voou até o navio Jolly Roger e atacou Capitão Gancho com sua espada. Gancho contra-atacou com seu gancho, mas Peter Pan foi mais rápido e arrancou o gancho dele.\"}","parallaxLoopX":false,"parallaxLoopY":false,"parallaxName":"","parallaxShow":true,"parallaxSx":0,"parallaxSy":0,"scrollType":0,"specifyBattleback":false,"tilesetId":5,"width":9,"data":[2336,2336,2336,2336,2336,2336,2336,2336,2336,2364,2364,2364,2364,2364,2364,2364,2364,2364,1570,1570,1570,1570,1570,1570,1570,1570,1570,1570,1570,1570,1570,1570,1570,1570,1570,1570,1570,1570,1570,1570,1570,1570,1570,1570,1570,1570,1570,1570,1570,1570,1570,1570,1570,1570,1570,1570,1570,1570,1570,1570,1570,1570,1570,5747,5746,5746,5746,5746,5746,5746,5746,5746,5753,5752,5752,5752,5752,5752,5752,5752,5752,3604,3604,3604,3604,3604,3604,3604,3604,3604,3584,3584,3584,3584,3584,3584,3584,3584,3584,0,0,0,0,0,0,0,0,0,0,0,0,0,0,0,0,0,0,3137,3137,3137,3149,0,3147,3137,3137,3137,0,0,0,0,0,0,0,0,0,0,0,0,0,0,0,0,0,0,0,0,0,3198,0,0,0,0,0,3137,3137,3137,3137,3137,3137,3137,3137,3137,0,0,0,0,0,0,0,0,0,0,0,0,0,0,0,0,0,0,0,0,0,0,0,0,0,0,0,0,0,0,0,0,0,0,0,0,0,0,0,0,0,0,0,0,0,0,0,0,0,0,0,0,0,0,0,0,0,0,0,0,0,0,0,0,0,0,0,0,0,0,0,0,0,0,0,0,0,0,0,0,0,0,0,0,0,0,0,0,0,0,0,0,0,0,0,0,0,0,0,0,0,0,0,0,0,0,0,0,0,0,0,0,0,0,0,0,0,0,0,0,0,0,0,0,0,0,0,0,0,0,0,0,0,0,0,0,0,0,0,0,0,0,0,0,0,0,0,0,0,0,0,0,0,0,0,0,0,0,0,0,0,0,131,0,0,0,0,0,0,0,0,0,0,0,0,0,0,0,0,0,0,0,0,0,0,0,0,199,105,0,0,0,0,0,0,0,0,0,0,0,0,0,0,0,0,181,0,184,173,0,0,179,0,0,0,0,0,0,0,0,0,0,0,0,0,0,0,0,0,0,0,0,0,0,0,0,0,0,0,0,0,0,0,0,0,0,0,0,0,0,0,0,0,0,0,0,0,0,0,0,0,0,0,0,0,0,0,0,0,0,0,0,0,0,0,0,0,0,0,0,0,0,0,0,0,0,0,0,0,0,0,0,0,0,0,0,0,0,0,0,0,0,0,0,0,0,0,0,0,0,0,0,0,0,0,0,0,0,0,0,0,0,0,0,0,0,0,0,0,0,0,0,0,0,0,0,0,0,0,0,0,0,0,0,0,0,0,0,0,0,0,0,0,0,0,0,0,0,0,0,0,0,0,0,0,0,0,0,0,0,0,0,0,0,0,0,0,0,0,0,0,0,0,0,0,0,0,0,0,0,0,0,0,0,0,0,0,0,0,0,0,0,0,0,0,0,0,0,0,0,0,0,0,0,0,0,0,0,0,0,0,0,0,0,0,0,0,0,0,0,0,0],"events":[null,{"id":1,"name":"event 1","note":"[animation]","pages":[{"conditions":{"actorId":1,"actorValid":false,"itemId":1,"itemValid":false,"selfSwitchCh":"A","selfSwitchValid":false,"switch1Id":1,"switch1Valid":false,"switch2Id":1,"switch2Valid":false,"variableId":1,"variableValid":false,"variableValue":0},"directionFix":false,"image":{"characterIndex":0,"characterName":"","direction":2,"pattern":0,"tileId":0},"list":[{"code":205,"indent":0,"parameters":[2,{"list":[{"code":37,"indent":null},{"code":3,"indent":null},{"code":3,"indent":null},{"code":18,"indent":null},{"code":3,"indent":null},{"code":3,"indent":null},{"code":18,"indent":null},{"code":0}],"repeat":false,"skippable":false,"wait":true}]},{"code":505,"indent":0,"parameters":[{"code":37,"indent":null}]},{"code":505,"indent":0,"parameters":[{"code":3,"indent":null}]},{"code":505,"indent":0,"parameters":[{"code":3,"indent":null}]},{"code":505,"indent":0,"parameters":[{"code":18,"indent":null}]},{"code":505,"indent":0,"parameters":[{"code":3,"indent":null}]},{"code":505,"indent":0,"parameters":[{"code":3,"indent":null}]},{"code":505,"indent":0,"parameters":[{"code":18,"indent":null}]},{"code":205,"indent":0,"parameters":[3,{"list":[{"code":37,"indent":null},{"code":3,"indent":null},{"code":12,"indent":null},{"code":0}],"repeat":false,"skippable":false,"wait":true}]},{"code":505,"indent":0,"parameters":[{"code":37,"indent":null}]},{"code":505,"indent":0,"parameters":[{"code":3,"indent":null}]},{"code":505,"indent":0,"parameters":[{"code":12,"indent":null}]},{"code":205,"indent":0,"parameters":[2,{"list":[{"code":37,"indent":null},{"code":14,"indent":null,"parameters":[0,0]},{"code":0}],"repeat":false,"skippable":false,"wait":false}]},{"code":505,"indent":0,"parameters":[{"code":37,"indent":null}]},{"code":505,"indent":0,"parameters":[{"code":14,"indent":null,"parameters":[0,0]}]},{"code":205,"indent":0,"parameters":[2,{"list":[{"code":37,"indent":null},{"code":3,"indent":null},{"code":18,"indent":null},{"code":0}],"repeat":false,"skippable":false,"wait":true}]},{"code":505,"indent":0,"parameters":[{"code":37,"indent":null}]},{"code":505,"indent":0,"parameters":[{"code":3,"indent":null}]},{"code":505,"indent":0,"parameters":[{"code":18,"indent":null}]},{"code":213,"indent":0,"parameters":[2,8,1]},{"code":117,"ident":0,"parameters":[1]},{"code":0,"indent":0,"parameters":[]}],"moveFrequency":3,"moveRoute":{"list":[{"code":0,"parameters":[]}],"repeat":false,"skippable":true,"wait":true},"moveSpeed":4,"moveType":0,"priorityType":0,"stepAnime":false,"through":false,"trigger":3,"walkAnime":true}],"x":0,"y":0},{"id":2,"name":"peterpan","note":"","pages":[{"conditions":{"actorId":1,"actorValid":false,"itemId":1,"itemValid":false,"selfSwitchCh":"A","selfSwitchValid":false,"switch1Id":1,"switch1Valid":false,"switch2Id":1,"switch2Valid":false,"variableId":1,"variableValid":false,"variableValue":0},"directionFix":false,"image":{"characterIndex":2,"characterName":"People1","direction":6,"pattern":1,"tileId":0},"list":[{"code":0,"indent":0,"parameters":[]}],"moveFrequency":3,"moveRoute":{"list":[{"code":0,"parameters":[]}],"repeat":false,"skippable":true,"wait":true},"moveSpeed":4,"moveType":0,"priorityType":0,"stepAnime":false,"through":false,"trigger":3,"walkAnime":true}],"x":1,"y":4},{"id":3,"name":"gancho","note":"","pages":[{"conditions":{"actorId":1,"actorValid":false,"itemId":1,"itemValid":false,"selfSwitchCh":"A","selfSwitchValid":false,"switch1Id":1,"switch1Valid":false,"switch2Id":1,"switch2Valid":false,"variableId":1,"variableValid":false,"variableValue":0},"directionFix":false,"image":{"characterIndex":3,"characterName":"People2","direction":4,"pattern":1,"tileId":0},"list":[{"code":0,"indent":0,"parameters":[]}],"moveFrequency":3,"moveRoute":{"list":[{"code":0,"parameters":[]}],"repeat":false,"skippable":true,"wait":true},"moveSpeed":4,"moveType":0,"priorityType":0,"stepAnime":false,"through":false,"trigger":3,"walkAnime":true}],"x":6,"y":4}]}