[null, {"id": 1, "name": "init", "order": 1, "parentId": 0, "scrollX": 819, "scrollY": 461}, {"id": 2, "name": "ChVe", "order": 2, "parentId": 0, "scrollX": 819, "scrollY": 461}, {"id": 3, "name": "PePr", "order": 3, "parentId": 0, "scrollX": 819, "scrollY": 461}, {"id": 4, "name": "PePa", "order": 4, "parentId": 0, "scrollX": 819, "scrollY": 461}, {"id": 5, "name": "ViTe", "order": 5, "parentId": 0, "scrollX": 819, "scrollY": 461}, {"id": 6, "name": "Ala", "order": 6, "parentId": 0, "scrollX": 819, "scrollY": 461}, {"id": 7, "name": "InJo", "order": 7, "parentId": 0, "scrollX": 819, "scrollY": 461}, {"id": 8, "name": "ChVe_gChatGPT_p1_r8", "order": 8, "parentId": 2, "scrollX": 0, "scrollY": 0}, {"id": 9, "name": "ChVe_gLuzIA_p1_r7", "order": 9, "parentId": 2, "scrollX": 0, "scrollY": 0}, {"id": 10, "name": "ChVe_gChatGPT_p2_r9", "order": 10, "parentId": 2, "scrollX": 0, "scrollY": 0}, {"id": 11, "name": "ChVe_gChatGPT_p2_r10", "order": 11, "parentId": 2, "scrollX": 0, "scrollY": 0}, {"id": 12, "name": "ChVe_gChatGPT_p2_r11", "order": 12, "parentId": 2, "scrollX": 0, "scrollY": 0}, {"id": 13, "name": "ChVe_gLuzIA_p2_r12", "order": 13, "parentId": 2, "scrollX": 0, "scrollY": 0}, {"id": 14, "name": "ChVe_gBard_p3_r0", "order": 14, "parentId": 2, "scrollX": 0, "scrollY": 0}, {"id": 15, "name": "ChVe_gBard_p4_r1", "order": 15, "parentId": 2, "scrollX": 0, "scrollY": 0}, {"id": 16, "name": "ChVe_gBard_p4_r2", "order": 16, "parentId": 2, "scrollX": 0, "scrollY": 0}, {"id": 17, "name": "ChVe_gBard_p4_r3", "order": 17, "parentId": 2, "scrollX": 0, "scrollY": 0}, {"id": 18, "name": "ChVe_gBard_p4_r4", "order": 18, "parentId": 2, "scrollX": 0, "scrollY": 0}, {"id": 19, "name": "ChVe_gBard_p4_r5", "order": 19, "parentId": 2, "scrollX": 0, "scrollY": 0}, {"id": 20, "name": "ChVe_gBard_p4_r6", "order": 20, "parentId": 2, "scrollX": 0, "scrollY": 0}, {"id": 21, "name": "PePr_gBard_p1_r16", "order": 21, "parentId": 3, "scrollX": 0, "scrollY": 0}, {"id": 22, "name": "PePr_gChatGPT_p1_r13", "order": 22, "parentId": 3, "scrollX": 0, "scrollY": 0}, {"id": 23, "name": "PePr_gChatGPT_p1_r14", "order": 23, "parentId": 3, "scrollX": 0, "scrollY": 0}, {"id": 24, "name": "PePr_gLuzIA_p1_r15", "order": 24, "parentId": 3, "scrollX": 0, "scrollY": 0}, {"id": 25, "name": "PePr_gBard_p2_r19", "order": 25, "parentId": 3, "scrollX": 0, "scrollY": 0}, {"id": 26, "name": "PePr_gChatGPT_p2_r17", "order": 26, "parentId": 3, "scrollX": 0, "scrollY": 0}, {"id": 27, "name": "PePr_gChatGPT_p2_r18", "order": 27, "parentId": 3, "scrollX": 0, "scrollY": 0}, {"id": 28, "name": "PePr_gLuzIA_p2_r20", "order": 28, "parentId": 3, "scrollX": 0, "scrollY": 0}, {"id": 29, "name": "PePr_gBard_p3_r22", "order": 29, "parentId": 3, "scrollX": 0, "scrollY": 0}, {"id": 30, "name": "PePr_gChatGPT_p3_r21", "order": 30, "parentId": 3, "scrollX": 0, "scrollY": 0}, {"id": 31, "name": "PePr_gLuzIA_p3_r23", "order": 31, "parentId": 3, "scrollX": 0, "scrollY": 0}, {"id": 32, "name": "PePa_gBard_p1_r70", "order": 32, "parentId": 4, "scrollX": 0, "scrollY": 0}, {"id": 33, "name": "PePa_gChatGPT_p1_r69", "order": 33, "parentId": 4, "scrollX": 0, "scrollY": 0}, {"id": 34, "name": "PePa_gLuzIA_p1_r71", "order": 34, "parentId": 4, "scrollX": 0, "scrollY": 0}, {"id": 35, "name": "PePa_gBard_p2_r74", "order": 35, "parentId": 4, "scrollX": 0, "scrollY": 0}, {"id": 36, "name": "PePa_gChatGPT_p2_r73", "order": 36, "parentId": 4, "scrollX": 0, "scrollY": 0}, {"id": 37, "name": "PePa_gLuzIA_p2_r72", "order": 37, "parentId": 4, "scrollX": 0, "scrollY": 0}, {"id": 38, "name": "PePa_gBard_p3_r65", "order": 38, "parentId": 4, "scrollX": 0, "scrollY": 0}, {"id": 39, "name": "PePa_gBard_p3_r66", "order": 39, "parentId": 4, "scrollX": 0, "scrollY": 0}, {"id": 40, "name": "PePa_gChatGPT_p3_r64", "order": 40, "parentId": 4, "scrollX": 0, "scrollY": 0}, {"id": 41, "name": "PePa_gBard_p4_r67", "order": 41, "parentId": 4, "scrollX": 0, "scrollY": 0}, {"id": 42, "name": "PePa_gChatGPT_p4_r68", "order": 42, "parentId": 4, "scrollX": 0, "scrollY": 0}, {"id": 43, "name": "Ala_gBard_p1_r51", "order": 43, "parentId": 6, "scrollX": 0, "scrollY": 0}, {"id": 44, "name": "Ala_gChatGPT_p1_r48", "order": 44, "parentId": 6, "scrollX": 0, "scrollY": 0}, {"id": 45, "name": "Ala_gChatGPT_p1_r49", "order": 45, "parentId": 6, "scrollX": 0, "scrollY": 0}, {"id": 46, "name": "Ala_gChatGPT_p1_r50", "order": 46, "parentId": 6, "scrollX": 0, "scrollY": 0}, {"id": 47, "name": "Ala_gLuzIA_p1_r52", "order": 47, "parentId": 6, "scrollX": 0, "scrollY": 0}, {"id": 48, "name": "Ala_gBard_p2_r46", "order": 48, "parentId": 6, "scrollX": 0, "scrollY": 0}, {"id": 49, "name": "Ala_gChatGPT_p2_r43", "order": 49, "parentId": 6, "scrollX": 0, "scrollY": 0}, {"id": 50, "name": "Ala_gChatGPT_p2_r44", "order": 50, "parentId": 6, "scrollX": 0, "scrollY": 0}, {"id": 51, "name": "Ala_gChatGPT_p2_r45", "order": 51, "parentId": 6, "scrollX": 0, "scrollY": 0}, {"id": 52, "name": "Ala_gLuzIA_p2_r47", "order": 52, "parentId": 6, "scrollX": 0, "scrollY": 0}, {"id": 53, "name": "ViTe_gChatGPT_p1_r39", "order": 53, "parentId": 5, "scrollX": 0, "scrollY": 0}, {"id": 54, "name": "ViTe_gChatGPT_p1_r40", "order": 54, "parentId": 5, "scrollX": 0, "scrollY": 0}, {"id": 55, "name": "ViTe_gChatGPT_p1_r41", "order": 55, "parentId": 5, "scrollX": 0, "scrollY": 0}, {"id": 56, "name": "ViTe_gBard_p2_r30", "order": 56, "parentId": 5, "scrollX": 0, "scrollY": 0}, {"id": 57, "name": "ViTe_gChatGPT_p2_r26", "order": 57, "parentId": 5, "scrollX": 0, "scrollY": 0}, {"id": 58, "name": "ViTe_gChatGPT_p2_r27", "order": 58, "parentId": 5, "scrollX": 0, "scrollY": 0}, {"id": 59, "name": "ViTe_gChatGPT_p2_r28", "order": 59, "parentId": 5, "scrollX": 0, "scrollY": 0}, {"id": 60, "name": "ViTe_gChatGPT_p2_r29", "order": 60, "parentId": 5, "scrollX": 0, "scrollY": 0}, {"id": 61, "name": "ViTe_gChatGPT_p3_r42", "order": 61, "parentId": 5, "scrollX": 0, "scrollY": 0}, {"id": 62, "name": "ViTe_gBard_p4_r33", "order": 62, "parentId": 5, "scrollX": 0, "scrollY": 0}, {"id": 63, "name": "ViTe_gChatGPT_p4_r31", "order": 63, "parentId": 5, "scrollX": 0, "scrollY": 0}, {"id": 64, "name": "ViTe_gChatGPT_p4_r32", "order": 64, "parentId": 5, "scrollX": 0, "scrollY": 0}, {"id": 65, "name": "ViTe_gChatGPT_p5_r36", "order": 65, "parentId": 5, "scrollX": 0, "scrollY": 0}, {"id": 66, "name": "ViTe_gChatGPT_p5_r37", "order": 66, "parentId": 5, "scrollX": 0, "scrollY": 0}, {"id": 67, "name": "ViTe_gChatGPT_p6_r34", "order": 67, "parentId": 5, "scrollX": 0, "scrollY": 0}, {"id": 68, "name": "ViTe_gChatGPT_p6_r35", "order": 68, "parentId": 5, "scrollX": 0, "scrollY": 0}, {"id": 69, "name": "ViTe_gBard_p7_r25", "order": 69, "parentId": 5, "scrollX": 0, "scrollY": 0}, {"id": 70, "name": "ViTe_gChatGPT_p7_r24", "order": 70, "parentId": 5, "scrollX": 0, "scrollY": 0}, {"id": 71, "name": "ViTe_gChatGPT_p8_r38", "order": 71, "parentId": 5, "scrollX": 0, "scrollY": 0}]