{
"autoplayBgm":false,"autoplayBgs":false,"battleback1Name":"","battleback2Name":"","bgm":{"name":"","pan":0,"pitch":100,"volume":90},"bgs":{"name":"","pan":0,"pitch":100,"volume":90},"disableDashing":false,"displayName":"","encounterList":[],"encounterStep":30,"height":12,"note":"","parallaxLoopX":false,"parallaxLoopY":false,"parallaxName":"","parallaxShow":true,"parallaxSx":0,"parallaxSy":0,"scrollType":0,"specifyBattleback":false,"tilesetId":3,"width":10,
"data":[7596,7596,7596,7596,7596,7596,7596,7596,7596,7596,7955,7954,7954,7954,7954,7954,7954,7954,7954,7958,7961,7960,7960,7960,7960,7960,7960,7960,7960,7964,1554,1554,1554,1554,1554,1554,1554,1554,1554,1554,1554,1554,1554,1554,1554,1554,1554,1554,1554,1554,1554,1554,1554,1554,1554,1554,1554,1554,1554,1554,7601,7601,7601,7613,1554,1554,7611,7601,7601,7601,6467,6466,6466,6470,1554,1554,6467,6466,6466,6470,6473,6472,6472,6476,1554,1554,6473,6472,6472,6476,1559,1559,1559,1559,1559,1559,1559,1559,1559,1559,1559,1559,1559,1559,1559,1559,1559,1559,1559,1559,1559,1559,1559,1559,1559,1559,1559,1559,1559,1559,0,0,0,0,0,0,0,0,0,0,0,0,0,0,0,0,0,0,0,0,0,0,0,0,0,0,0,0,0,0,0,0,0,0,0,0,0,0,0,0,0,0,0,0,0,3198,0,3198,0,0,0,0,0,0,0,0,0,0,0,0,0,0,0,0,0,0,0,0,0,0,0,0,0,0,0,0,0,0,0,0,0,0,0,0,0,0,0,0,0,0,0,0,0,0,0,0,0,0,0,0,0,0,0,0,0,0,0,0,0,0,0,0,0,0,0,0,0,0,0,0,0,0,0,0,0,0,0,0,0,0,0,0,0,0,0,0,0,0,0,69,0,0,0,0,0,0,0,0,0,0,0,0,0,0,0,0,0,0,0,0,0,0,0,0,0,0,0,0,0,0,0,0,0,0,0,0,0,0,0,0,0,0,0,0,0,0,0,0,0,0,0,0,0,0,0,0,0,0,0,0,0,0,0,0,0,0,0,0,0,0,0,0,0,0,0,0,0,0,0,0,0,0,0,0,0,0,0,0,0,0,0,0,0,0,0,0,0,0,0,0,0,0,0,0,0,0,0,0,0,0,166,167,0,0,0,160,0,0,70,71,0,0,0,0,0,168,0,0,78,79,0,104,0,0,0,0,0,0,0,0,0,0,0,0,0,0,0,0,0,0,0,0,0,0,0,0,0,0,0,0,0,0,0,0,0,0,0,0,0,0,0,0,0,0,0,0,0,0,0,0,0,0,0,0,0,0,0,0,0,0,0,0,0,0,0,0,0,0,0,0,0,0,0,0,0,0,0,0,0,0,0,0,0,0,0,0,0,0,0,0,0,0,0,0,0,0,0,0,0,0,0,0,0,0,0,0,0,0,0,0,0,0,0,0,0,0,0,0,0,0,0,0,0,0,0,0,0,0,0,0,0,0,0,0,0,0,0,0,0,0,0,0,0,0,0,0,0,0,0,0,0,0,0,0,0,0,0,0,0,0,0,0,0,0,5,0,0,0,0,0,0,0,0,0,5,0,0,0,0,0,0,0,0,0,0,0,0,0,0,0,0,0,0,0,0,0,0,0,0,0,0,0,0,0,0,0,0,0,0,0,0,0,0,0,0,0,0,0,0,0,0,0,0,0,0,0,0,0,0,0,0,0,0,0,0,0,0,0,0,0,0,0,0,0,0,0,0,0,0,0,0,0,0,0,0,0,0,0,0,0,0,0,0,0,0,0,0,0,0,0,0,0,0,0,0,0,0,0,0,0,0,0,0,0,0,0,0,0,0,0,0,0,0,0,0,0,0,0,0,0,0,0,0,0,0,0,0,0,0,0,0,0,0,0,0,0,0,0,0,0,0,0,0,0,0,0,0,0,0,0],
"events":[
null,
{"id":1,"name":"event 1","note":"","pages":[{"conditions":{"actorId":1,"actorValid":false,"itemId":1,"itemValid":false,"selfSwitchCh":"A","selfSwitchValid":false,"switch1Id":1,"switch1Valid":true,"switch2Id":1,"switch2Valid":false,"variableId":1,"variableValid":false,"variableValue":0},"directionFix":false,"image":{"characterIndex":0,"characterName":"","direction":2,"pattern":0,"tileId":0},"list":[{"code":205,"parameters":[2,{"list":[{"code":37,"indent":null},{"code":4,"indent":null},{"code":4,"indent":null},{"code":4,"indent":null},{"code":4,"indent":null},{"code":4,"indent":null},{"code":4,"indent":null},{"code":14,"indent":null,"parameters":[0,0]},{"code":0}],"repeat":false,"skippable":false,"wait":true}]},{"code":505,"indent":0,"parameters":[{"code":4,"indent":null}]},{"code":505,"indent":0,"parameters":[{"code":4,"indent":null}]},{"code":505,"indent":0,"parameters":[{"code":4,"indent":null}]},{"code":505,"indent":0,"parameters":[{"code":4,"indent":null}]},{"code":505,"indent":0,"parameters":[{"code":4,"indent":null}]},{"code":505,"indent":0,"parameters":[{"code":4,"indent":null}]},{"code":505,"indent":0,"parameters":[{"code":14,"indent":null,"parameters":[0,0]}]},{"code":213,"indent":0,"parameters":[2,3,0]},{"code":205,"parameters":[3,{"list":[{"code":37,"indent":null},{"code":14,"indent":null,"parameters":[0,0]},{"code":3,"indent":null},{"code":3,"indent":null},{"code":3,"indent":null},{"code":1,"indent":null},{"code":0}],"repeat":false,"skippable":false,"wait":true}]},{"code":505,"indent":0,"parameters":[{"code":14,"indent":null,"parameters":[0,0]}]},{"code":505,"indent":0,"parameters":[{"code":3,"indent":null}]},{"code":505,"indent":0,"parameters":[{"code":3,"indent":null}]},{"code":505,"indent":0,"parameters":[{"code":3,"indent":null}]},{"code":505,"indent":0,"parameters":[{"code":1,"indent":null}]},{"code":213,"indent":0,"parameters":[2,2,0]},{"code":205,"parameters":[2,{"list":[{"code":37,"indent":null},{"code":2,"indent":null},{"code":4,"indent":null},{"code":3,"indent":null},{"code":0}],"repeat":false,"skippable":false,"wait":true}]},{"code":505,"indent":0,"parameters":[{"code":2,"indent":null}]},{"code":505,"indent":0,"parameters":[{"code":4,"indent":null}]},{"code":505,"indent":0,"parameters":[{"code":3,"indent":null}]},{"code":213,"indent":0,"parameters":[2,2,0]},{"code":205,"parameters":[2,{"list":[{"code":37,"indent":null},{"code":1,"indent":null},{"code":3,"indent":null},{"code":2,"indent":null},{"code":3,"indent":null},{"code":0}],"repeat":false,"skippable":false,"wait":true}]},{"code":505,"indent":0,"parameters":[{"code":1,"indent":null}]},{"code":505,"indent":0,"parameters":[{"code":3,"indent":null}]},{"code":505,"indent":0,"parameters":[{"code":2,"indent":null}]},{"code":505,"indent":0,"parameters":[{"code":3,"indent":null}]},{"code":205,"parameters":[4,{"list":[{"code":37,"indent":null},{"code":4,"indent":null},{"code":0}],"repeat":false,"skippable":false,"wait":true}]},{"code":505,"indent":0,"parameters":[{"code":4,"indent":null}]},{"code":205,"parameters":[2,{"list":[{"code":37,"indent":null},{"code":3,"indent":null},{"code":3,"indent":null},{"code":0}],"repeat":false,"skippable":false,"wait":true}]},{"code":505,"indent":0,"parameters":[{"code":3,"indent":null}]},{"code":505,"indent":0,"parameters":[{"code":3,"indent":null}]},{"code":205,"parameters":[5,{"list":[{"code":37,"indent":null},{"code":4,"indent":null},{"code":0}],"repeat":false,"skippable":false,"wait":true}]},{"code":505,"indent":0,"parameters":[{"code":4,"indent":null}]},{"code":117,"indent":0,"parameters":[4]},{"code":0,"indent":0,"parameters":[]}],"moveFrequency":3,"moveRoute":{"list":[],"repeat":false,"skippable":true,"wait":true},"moveSpeed":4,"moveType":0,"priorityType":0,"stepAnime":false,"through":false,"trigger":3,"walkAnime":true}],"x":0,"y":0},
{"id":2,"name":"Dr.Lidenbrock","note":"","pages":[{"conditions":{"actorId":1,"actorValid":false,"itemId":1,"itemValid":false,"selfSwitchCh":"A","selfSwitchValid":false,"switch1Id":1,"switch1Valid":false,"switch2Id":1,"switch2Valid":false,"variableId":1,"variableValid":false,"variableValue":0},"directionFix":false,"image":{"characterIndex":4,"characterName":"People1","direction":8,"pattern":1,"tileId":0},"list":[],"moveFrequency":3,"moveRoute":{"list":[],"repeat":false,"skippable":true,"wait":true},"moveSpeed":4,"moveType":0,"priorityType":0,"stepAnime":false,"through":false,"trigger":0,"walkAnime":true}],"x":4,"y":11},
{"id":3,"name":"Axel","note":"","pages":[{"conditions":{"actorId":1,"actorValid":false,"itemId":1,"itemValid":false,"selfSwitchCh":"A","selfSwitchValid":false,"switch1Id":1,"switch1Valid":false,"switch2Id":1,"switch2Valid":false,"variableId":1,"variableValid":false,"variableValue":0},"directionFix":false,"image":{"characterIndex":2,"characterName":"People4","direction":2,"pattern":1,"tileId":0},"list":[],"moveFrequency":3,"moveRoute":{"list":[],"repeat":false,"skippable":true,"wait":true},"moveSpeed":4,"moveType":0,"priorityType":0,"stepAnime":false,"through":false,"trigger":0,"walkAnime":true}],"x":1,"y":3},
{"id":4,"name":"livro","note":"","pages":[{"conditions":{"actorId":1,"actorValid":false,"itemId":1,"itemValid":false,"selfSwitchCh":"A","selfSwitchValid":false,"switch1Id":1,"switch1Valid":false,"switch2Id":1,"switch2Valid":false,"variableId":1,"variableValid":false,"variableValue":0},"directionFix":false,"image":{"characterIndex":0,"characterName":"","direction":2,"pattern":0,"tileId":312},"list":[],"moveFrequency":3,"moveRoute":{"list":[],"repeat":false,"skippable":true,"wait":true},"moveSpeed":4,"moveType":0,"priorityType":0,"stepAnime":false,"through":false,"trigger":0,"walkAnime":true}],"x":5,"y":4},
{"id":5,"name":"mapa","note":"","pages":[{"conditions":{"actorId":1,"actorValid":false,"itemId":1,"itemValid":false,"selfSwitchCh":"A","selfSwitchValid":false,"switch1Id":1,"switch1Valid":false,"switch2Id":1,"switch2Valid":false,"variableId":1,"variableValid":false,"variableValue":0},"directionFix":false,"image":{"characterIndex":0,"characterName":"","direction":2,"pattern":0,"tileId":332},"list":[],"moveFrequency":3,"moveRoute":{"list":[],"repeat":false,"skippable":true,"wait":true},"moveSpeed":4,"moveType":0,"priorityType":0,"stepAnime":false,"through":false,"trigger":0,"walkAnime":true}],"x":7,"y":4}
]
}