[
null,
{"id":1,"expanded":false,"name":"peter","order":3,"parentId":0,"scrollX":832,"scrollY":640},
{"id":2,"expanded":true,"name":"chapeuzinho","order":1,"parentId":0,"scrollX":832,"scrollY":640},
{"id":3,"expanded":false,"name":"principe","order":2,"parentId":0,"scrollX":832,"scrollY":640},
{"id":4,"expanded":false,"name":"init","order":4,"parentId":0,"scrollX":819,"scrollY":461},
{"id":5,"expanded":false,"name":"viagem","order":5,"parentId":0,"scrollX":819,"scrollY":461},
{"id":6,"expanded":true,"name":"Aladdin","order":6,"parentId":0,"scrollX":832,"scrollY":640}
]