[
null,
{"id":1,"list":[{"code":122,"indent":0,"parameters":[6,6,0,3,7,0,0]},{"code":122,"indent":0,"parameters":[7,7,0,0,0]},{"code":122,"indent":0,"parameters":[8,8,0,0,0]},{"code":101,"indent":0,"parameters":["",0,0,2]},{"code":401,"indent":0,"parameters":["Play again?"]},{"code":102,"indent":0,"parameters":[["Yes","No"],1,0,2,0]},{"code":402,"indent":0,"parameters":[0,"Yes"]},{"code":201,"indent":1,"parameters":[0,1,0,0,0,0]},{"code":230,"indent":1,"parameters":[10]},{"code":201,"indent":1,"parameters":[1,6,7,8,0,0]},{"code":121,"indent":1,"parameters":[1,1,0]},{"code":0,"indent":1,"parameters":[]},{"code":402,"indent":0,"parameters":[1,"No"]},{"code":201,"indent":1,"parameters":[0,1,0,0,0,0]},{"code":0,"indent":1,"parameters":[]},{"code":404,"indent":0,"parameters":[]},{"code":0,"indent":0,"parameters":[]}],"name":"animation end prompt","switchId":1,"trigger":0},
{"id":2,"list":[{"code":0,"indent":0,"parameters":[]}],"name":"","switchId":1,"trigger":0},
{"id":3,"list":[{"code":0,"indent":0,"parameters":[]}],"name":"","switchId":1,"trigger":0}
]