[null, {"id": 1, "name": "init", "order": 1, "parentId": 0, "scrollX": 819, "scrollY": 461}, {"id": 2, "name": "ChVe", "order": 2, "parentId": 0, "scrollX": 819, "scrollY": 461}, {"id": 3, "name": "PePr", "order": 3, "parentId": 0, "scrollX": 819, "scrollY": 461}, {"id": 4, "name": "PePa", "order": 4, "parentId": 0, "scrollX": 819, "scrollY": 461}, {"id": 5, "name": "ViTe", "order": 5, "parentId": 0, "scrollX": 819, "scrollY": 461}, {"id": 6, "name": "Ala", "order": 6, "parentId": 0, "scrollX": 819, "scrollY": 461}, {"id": 7, "name": "InJo", "order": 7, "parentId": 0, "scrollX": 819, "scrollY": 461}, {"id": 8, "name": "ChVe_gChatGPT_p1_r8", "order": 8, "parentId": 2, "scrollX": 0, "scrollY": 0}, {"id": 9, "name": "ChVe_gLuzIA_p1_r7", "order": 9, "parentId": 2, "scrollX": 0, "scrollY": 0}, {"id": 10, "name": "ChVe_gChatGPT_p2_r9", "order": 10, "parentId": 2, "scrollX": 0, "scrollY": 0}, {"id": 11, "name": "ChVe_gChatGPT_p2_r10", "order": 11, "parentId": 2, "scrollX": 0, "scrollY": 0}, {"id": 12, "name": "ChVe_gChatGPT_p2_r11", "order": 12, "parentId": 2, "scrollX": 0, "scrollY": 0}, {"id": 13, "name": "ChVe_gLuzIA_p2_r12", "order": 13, "parentId": 2, "scrollX": 0, "scrollY": 0}, {"id": 14, "name": "ChVe_gBard_p3_r0", "order": 14, "parentId": 2, "scrollX": 0, "scrollY": 0}, {"id": 15, "name": "ChVe_gBard_p4_r1", "order": 15, "parentId": 2, "scrollX": 0, "scrollY": 0}, {"id": 16, "name": "ChVe_gBard_p4_r2", "order": 16, "parentId": 2, "scrollX": 0, "scrollY": 0}, {"id": 17, "name": "ChVe_gBard_p4_r3", "order": 17, "parentId": 2, "scrollX": 0, "scrollY": 0}, {"id": 18, "name": "ChVe_gBard_p4_r4", "order": 18, "parentId": 2, "scrollX": 0, "scrollY": 0}, {"id": 19, "name": "ChVe_gBard_p4_r5", "order": 19, "parentId": 2, "scrollX": 0, "scrollY": 0}, {"id": 20, "name": "ChVe_gBard_p4_r6", "order": 20, "parentId": 2, "scrollX": 0, "scrollY": 0}]