[
null,
{"id":1,"list":[{"code":121,"indent":0,"parameters":[1,1,1]},{"code":101,"indent":0,"parameters":["",0,0,2]},{"code":401,"indent":0,"parameters":["Play \"Little Red Riding Hood\" again?"]},{"code":102,"indent":0,"parameters":[["Yes","No"],1,0,2,0]},{"code":402,"indent":0,"parameters":[0,"Yes"]},{"code":201,"indent":1,"parameters":[0,4,1,0,0,0]},{"code":230,"indent":1,"parameters":[10]},{"code":201,"indent":1,"parameters":[0,2,0,0,0,0]},{"code":121,"indent":1,"parameters":[1,1,0]},{"code":0,"indent":1,"parameters":[]},{"code":402,"indent":0,"parameters":[1,"No"]},{"code":351,"indent":1,"parameters":[]},{"code":0,"indent":1,"parameters":[]},{"code":404,"indent":0,"parameters":[]},{"code":0,"indent":0,"parameters":[]}],"name":"Little Red Riding Hood","switchId":1,"trigger":0},
{"id":2,"list":[{"code":121,"indent":0,"parameters":[1,1,1]},{"code":101,"indent":0,"parameters":["",0,0,2]},{"code":401,"indent":0,"parameters":["Play \"The Little Prince\" again?"]},{"code":102,"indent":0,"parameters":[["Yes","No"],1,0,2,0]},{"code":402,"indent":0,"parameters":[0,"Yes"]},{"code":201,"indent":1,"parameters":[0,4,1,0,0,0]},{"code":230,"indent":1,"parameters":[10]},{"code":201,"indent":1,"parameters":[0,3,0,0,0,0]},{"code":121,"indent":1,"parameters":[1,1,0]},{"code":0,"indent":1,"parameters":[]},{"code":402,"indent":0,"parameters":[1,"No"]},{"code":351,"indent":1,"parameters":[]},{"code":0,"indent":1,"parameters":[]},{"code":404,"indent":0,"parameters":[]},{"code":0,"indent":0,"parameters":[]}],"name":"The Little Prince","switchId":1,"trigger":0},
{"id":3,"list":[{"code":121,"indent":0,"parameters":[1,1,1]},{"code":101,"indent":0,"parameters":["",0,0,2]},{"code":401,"indent":0,"parameters":["Play \"Peter Pan\" again?"]},{"code":102,"indent":0,"parameters":[["Yes","No"],1,0,2,0]},{"code":402,"indent":0,"parameters":[0,"Yes"]},{"code":201,"indent":1,"parameters":[0,4,1,0,0,0]},{"code":230,"indent":1,"parameters":[10]},{"code":201,"indent":1,"parameters":[0,1,0,10,0,0]},{"code":121,"indent":1,"parameters":[1,1,0]},{"code":0,"indent":1,"parameters":[]},{"code":402,"indent":0,"parameters":[1,"No"]},{"code":351,"indent":1,"parameters":[]},{"code":0,"indent":1,"parameters":[]},{"code":404,"indent":0,"parameters":[]},{"code":0,"indent":0,"parameters":[]}],"name":"Peter Pan","switchId":1,"trigger":0},
{"id":4,"list":[{"code":0,"indent":0,"parameters":[]}],"name":"general","switchId":1,"trigger":0}
]