{
"autoplayBgm":false,"autoplayBgs":false,"battleback1Name":"","battleback2Name":"","bgm":{"name":"","pan":0,"pitch":100,"volume":90},"bgs":{"name":"","pan":0,"pitch":100,"volume":90},"disableDashing":false,"displayName":"","encounterList":[],"encounterStep":30,"height":11,"note":"","parallaxLoopX":false,"parallaxLoopY":false,"parallaxName":"","parallaxShow":true,"parallaxSx":0,"parallaxSy":0,"scrollType":0,"specifyBattleback":false,"tilesetId":5,"width":9,
"data":[2336,2336,2336,2336,2336,2336,2336,2336,2336,2364,2364,2364,2364,2364,2364,2364,2364,2364,1570,1570,1570,1570,1570,1570,1570,1570,1570,1570,1570,1570,1570,1570,1570,1570,1570,1570,1570,1570,1570,1570,1570,1570,1570,1570,1570,1570,1570,1570,1570,1570,1570,1570,1570,1570,1570,1570,1570,1570,1570,1570,1570,1570,1570,5747,5746,5746,5746,5746,5746,5746,5746,5746,5753,5752,5752,5752,5752,5752,5752,5752,5752,3604,3604,3604,3604,3604,3604,3604,3604,3604,3584,3584,3584,3584,3584,3584,3584,3584,3584,0,0,0,0,0,0,0,0,0,0,0,0,0,0,0,0,0,0,3137,3137,3137,3149,0,3147,3137,3137,3137,0,0,0,0,0,0,0,0,0,0,0,0,0,0,0,0,0,0,0,0,0,3198,0,0,0,0,0,3137,3137,3137,3137,3137,3137,3137,3137,3137,0,0,0,0,0,0,0,0,0,0,0,0,0,0,0,0,0,0,0,0,0,0,0,0,0,0,0,0,0,0,0,0,0,0,0,0,0,0,0,0,0,0,0,0,0,0,0,0,0,0,0,0,0,0,0,0,0,0,0,0,0,0,0,0,0,0,0,0,0,0,0,0,0,0,0,0,0,0,0,0,0,0,0,0,0,0,0,0,0,0,0,0,0,0,0,0,0,0,0,0,0,0,0,0,0,0,0,0,0,0,0,0,0,0,0,0,0,0,0,0,0,0,0,0,0,0,0,0,0,0,0,0,0,0,0,0,0,0,0,0,0,0,0,0,0,0,0,0,0,0,0,0,0,0,0,0,0,0,0,0,0,0,131,0,0,0,0,0,0,0,0,0,0,0,0,0,0,0,0,0,0,0,0,0,0,0,0,199,105,0,0,0,0,0,0,0,0,0,0,0,0,0,0,0,0,181,0,184,173,0,0,179,0,0,0,0,0,0,0,0,0,0,0,0,0,0,0,0,0,0,0,0,0,0,0,0,0,0,0,0,0,0,0,0,0,0,0,0,0,0,0,0,0,0,0,0,0,0,0,0,0,0,0,0,0,0,0,0,0,0,0,0,0,0,0,0,0,0,0,0,0,0,0,0,0,0,0,0,0,0,0,0,0,0,0,0,0,0,0,0,0,0,0,0,0,0,0,0,0,0,0,0,0,0,0,0,0,0,0,0,0,0,0,0,0,0,0,0,0,0,0,0,0,0,0,0,0,0,0,0,0,0,0,0,0,0,0,0,0,0,0,0,0,0,0,0,0,0,0,0,0,0,0,0,0,0,0,0,0,0,0,0,0,0,0,0,0,0,0,0,0,0,0,0,0,0,0,0,0,0,0,0,0,0,0,0,0,0,0,0,0,0,0,0,0,0,0,0,0,0,0,0,0,0,0,0,0,0,0,0,0,0,0,0,0,0,0,0,0,0,0,0],
"events":[
null,
{"id":1,"name":"event 1","note":"","pages":[{"conditions":{"actorId":1,"actorValid":false,"itemId":1,"itemValid":false,"selfSwitchCh":"A","selfSwitchValid":false,"switch1Id":1,"switch1Valid":false,"switch2Id":1,"switch2Valid":true,"variableId":1,"variableValid":false,"variableValue":0},"directionFix":false,"image":{"characterIndex":0,"characterName":"","direction":2,"pattern":0,"tileId":0},"list":[{"code":205,"parameters":[2,{"list":[{"code":2,"indent":null},{"code":2,"indent":null},{"code":2,"indent":null},{"code":0}],"repeat":false,"skippable":false,"wait":false}]},{"code":505,"indent":0,"parameters":[{"code":2,"indent":null}]},{"code":505,"indent":0,"parameters":[{"code":2,"indent":null}]},{"code":505,"indent":0,"parameters":[{"code":2,"indent":null}]},{"code":205,"parameters":[3,{"list":[{"code":3,"indent":null},{"code":3,"indent":null},{"code":3,"indent":null},{"code":0}],"repeat":false,"skippable":false,"wait":true}]},{"code":505,"indent":0,"parameters":[{"code":3,"indent":null}]},{"code":505,"indent":0,"parameters":[{"code":3,"indent":null}]},{"code":505,"indent":0,"parameters":[{"code":3,"indent":null}]},{"code":205,"parameters":[2,{"list":[{"code":14,"indent":null,"parameters":[0,0]},{"code":0}],"repeat":false,"skippable":false,"wait":false}]},{"code":505,"indent":0,"parameters":[{"code":14,"indent":null,"parameters":[0,0]}]},{"code":213,"indent":0,"parameters":[2,5,0]},{"code":205,"parameters":[3,{"list":[{"code":14,"indent":null,"parameters":[0,0]},{"code":0}],"repeat":false,"skippable":false,"wait":false}]},{"code":505,"indent":0,"parameters":[{"code":14,"indent":null,"parameters":[0,0]}]},{"code":213,"indent":0,"parameters":[3,5,1]},{"code":205,"parameters":[2,{"list":[{"code":14,"indent":null,"parameters":[0,0]},{"code":0}],"repeat":false,"skippable":false,"wait":false}]},{"code":505,"indent":0,"parameters":[{"code":14,"indent":null,"parameters":[0,0]}]},{"code":205,"parameters":[3,{"list":[{"code":14,"indent":null,"parameters":[0,0]},{"code":0}],"repeat":false,"skippable":false,"wait":true}]},{"code":505,"indent":0,"parameters":[{"code":14,"indent":null,"parameters":[0,0]}]},{"code":205,"parameters":[2,{"list":[{"code":2,"indent":null},{"code":4,"indent":null},{"code":4,"indent":null},{"code":0}],"repeat":false,"skippable":false,"wait":true}]},{"code":505,"indent":0,"parameters":[{"code":2,"indent":null}]},{"code":505,"indent":0,"parameters":[{"code":4,"indent":null}]},{"code":505,"indent":0,"parameters":[{"code":4,"indent":null}]},{"code":205,"parameters":[5,{"list":[{"code":14,"indent":null,"parameters":[0,0]},{"code":0}],"repeat":false,"skippable":false,"wait":false}]},{"code":505,"indent":0,"parameters":[{"code":14,"indent":null,"parameters":[0,0]}]},{"code":213,"indent":0,"parameters":[5,4,0]},{"code":205,"parameters":[5,{"list":[{"code":14,"indent":null,"parameters":[0,0]},{"code":0}],"repeat":false,"skippable":false,"wait":true}]},{"code":505,"indent":0,"parameters":[{"code":14,"indent":null,"parameters":[0,0]}]},{"code":117,"indent":0,"parameters":[3]},{"code":0,"indent":0,"parameters":[]}],"moveFrequency":3,"moveRoute":{"list":[],"repeat":false,"skippable":true,"wait":true},"moveSpeed":4,"moveType":0,"priorityType":0,"stepAnime":false,"through":false,"trigger":3,"walkAnime":true}],"x":0,"y":0},
{"id":2,"name":"Gancho","note":"","pages":[{"conditions":{"actorId":1,"actorValid":false,"itemId":1,"itemValid":false,"selfSwitchCh":"A","selfSwitchValid":false,"switch1Id":1,"switch1Valid":false,"switch2Id":1,"switch2Valid":false,"variableId":1,"variableValid":false,"variableValue":0},"directionFix":false,"image":{"characterIndex":3,"characterName":"People2","direction":2,"pattern":1,"tileId":0},"list":[],"moveFrequency":3,"moveRoute":{"list":[],"repeat":false,"skippable":true,"wait":true},"moveSpeed":4,"moveType":0,"priorityType":0,"stepAnime":false,"through":false,"trigger":0,"walkAnime":true}],"x":8,"y":4},
{"id":3,"name":"Peter","note":"","pages":[{"conditions":{"actorId":1,"actorValid":false,"itemId":1,"itemValid":false,"selfSwitchCh":"A","selfSwitchValid":false,"switch1Id":1,"switch1Valid":false,"switch2Id":1,"switch2Valid":false,"variableId":1,"variableValid":false,"variableValue":0},"directionFix":false,"image":{"characterIndex":2,"characterName":"People1","direction":2,"pattern":1,"tileId":0},"list":[],"moveFrequency":3,"moveRoute":{"list":[],"repeat":false,"skippable":true,"wait":true},"moveSpeed":4,"moveType":0,"priorityType":0,"stepAnime":false,"through":false,"trigger":0,"walkAnime":true}],"x":0,"y":4},
{"id":4,"name":"canoa","note":"","pages":[{"conditions":{"actorId":1,"actorValid":false,"itemId":1,"itemValid":false,"selfSwitchCh":"A","selfSwitchValid":false,"switch1Id":1,"switch1Valid":false,"switch2Id":1,"switch2Valid":false,"variableId":1,"variableValid":false,"variableValue":0},"directionFix":false,"image":{"characterIndex":0,"characterName":"Vehicle","direction":8,"pattern":1,"tileId":0},"list":[],"moveFrequency":3,"moveRoute":{"list":[],"repeat":false,"skippable":true,"wait":true},"moveSpeed":4,"moveType":0,"priorityType":0,"stepAnime":false,"through":false,"trigger":0,"walkAnime":true}],"x":4,"y":1},
{"id":5,"name":"Wendy","note":"","pages":[{"conditions":{"actorId":1,"actorValid":false,"itemId":1,"itemValid":false,"selfSwitchCh":"A","selfSwitchValid":false,"switch1Id":1,"switch1Valid":false,"switch2Id":1,"switch2Valid":false,"variableId":1,"variableValid":false,"variableValue":0},"directionFix":false,"image":{"characterIndex":7,"characterName":"Actor3","direction":8,"pattern":1,"tileId":0},"list":[],"moveFrequency":3,"moveRoute":{"list":[],"repeat":false,"skippable":true,"wait":true},"moveSpeed":4,"moveType":0,"priorityType":0,"stepAnime":false,"through":false,"trigger":0,"walkAnime":true}],"x":0,"y":5}
]
}